delete from facilities.units;
delete from facilities.establishments;
delete from facilities.slots;

delete from reservations.reservations;
delete from reservations."reservationSlots";
-- ================================
-- ESTABLISHMENTS (100)
-- ================================
INSERT INTO facilities.establishments("ownerId",name,description,address,city,state,"zipCode",tz,active) VALUES
('bdd640fb-0667-4ad1-9c80-317fa3b1799d','Sanchez-Taylor','Customer-focused systematic support','600 Jeffery Parkways','New Jamesside','Nebraska','29394','Europe/Madrid',TRUE),
('cf36d58b-4737-4190-96da-1dac72ff5d2a','Blake and Sons','Total interactive Graphical User Interface','35116 Michael Key Suite 078','South Christianport','South Dakota','81571','Europe/Madrid',TRUE),
('93cd59bf-5c94-4cf0-9c98-d2c1e2acf72f','Bush Inc','Switchable discrete throughput','31647 Martin Knoll Apt. 419','New Jessica','Hawaii','61090','Europe/Madrid',TRUE),
('ece66fa2-fd51-46e6-851b-4cf36123fdf7','Watts, Robinson and Nguyen','Visionary zero-defect approach','56413 Lewis Parks','Wilkersonmouth','Georgia','35219','Europe/Madrid',TRUE),
('8fb5d27b-beb7-4919-bf22-faf823bed01d','Baker, Richards and Hurst','Open-architected high-level definition','710 Eric Estate','Carlsonfurt','Missouri','78605','Europe/Madrid',TRUE),
('405cacec-8774-49a9-b7d2-1e02ff01cf99','Valencia, Smith and Le','Synergized national system engine','514 Moore Alley Suite 828','Port Colleenhaven','Rhode Island','26572','Europe/Madrid',TRUE),
('295b4715-c333-4861-9fb8-d16c2720797d','Ashley, Nielsen and Sellers','Right-sized fresh-thinking matrix','54303 Christopher Oval','Port Amandaberg','Florida','86975','Europe/Madrid',TRUE),
('2a45c2ab-8cbf-4db0-b264-accc79ac1b1e','Rose-Obrien','Extended needs-based system engine','465 Lam Mission','East Jeffreymouth','Alaska','77611','Europe/Madrid',TRUE),
('38602ab6-96a4-42f2-bae8-cc938dcdcd03','Jones Ltd','Centralized discrete architecture','1834 Lewis Curve','Sanchezfort','Nebraska','25458','Europe/Madrid',TRUE),
('6e595ed3-a8b3-47fa-98d0-752b1825bc54','Henderson-Owens','Upgradable actuating service-desk','65133 Amanda Dam','Whitemouth','Kansas','10381','Europe/Madrid',TRUE),
('db20a56e-dc81-4fe7-8eda-8bbb71710434','Garcia, Pearson and Fernandez','Advanced background system engine','67736 Franklin Alley','Bakermouth','Maine','55945','Europe/Madrid',TRUE),
('fed4057d-bb02-4576-b512-c4c3b253d218','Stanley, Tucker and Lee','Extended analyzing paradigm','500 Shaw Walk','North Susan','Colorado','24857','Europe/Madrid',TRUE),
('acdabacc-1165-4210-9854-3881118a9d29','Powell PLC','Fully-configurable optimal policy','169 Donovan Ford','Johnfurt','Florida','88540','Europe/Madrid',TRUE),
('50f0fd0a-750c-4b75-8ccc-9bc2a53f8a28','Smith PLC','Re-contextualized bandwidth-monitored archive','425 Natasha Land','Ericside','Virginia','40152','Europe/Madrid',TRUE),
('ce9e1a11-fcbb-4e59-bbdd-cf7c9c96e9ec','Rice, Contreras and Spencer','Switchable bi-directional challenge','18244 Jennifer Ford Suite 874','North Cynthiaview','Arizona','00965','Europe/Madrid',TRUE),
('a319dcb4-217d-45a0-8568-11cd5563f616','Martin-Ramos','Triple-buffered interactive open architecture','12805 Russell Canyon','Michaelton','Minnesota','28036','Europe/Madrid',TRUE),
('1a50aec3-aabc-45fa-bfe1-2e47ae9bec36','Deleon-Henson','Open-source regional synergy','22602 Patton Loop','West Erik','Vermont','14669','Europe/Madrid',TRUE),
('dbccc477-09e9-4b0a-9f46-529061ee411a','Walker-Velasquez','Persevering grid-enabled function','03654 Tammy Harbors','Darlenefurt','Utah','70783','Europe/Madrid',TRUE),
('1d870966-0710-4430-b071-d87954c63cd8','White-Estes','Fundamental 5thgeneration benchmark','5698 Paul Ports Apt. 406','New Saraside','Utah','94798','Europe/Madrid',TRUE),
('abae4f43-bcae-4081-bdf0-70aaf0b5156b','Diaz Inc','Synchronized full-range process improvement','148 Estrada Islands Suite 482','South Elizabeth','Missouri','89278','Europe/Madrid',TRUE),
('9d9262af-2c8d-4e44-a71e-43a6bf85bf0e','Turner, Kelley and Smith','Horizontal demand-driven Internet solution','7738 Leon Underpass Apt. 148','Clarencebury','Utah','41188','Europe/Madrid',TRUE),
('25b8fd4b-32fa-4de8-8e7a-e7f639820cff','Williams Group','Seamless zero administration archive','9367 Sanchez Shoal Apt. 163','Port Susan','North Dakota','61390','Europe/Madrid',TRUE),
('eadf5085-3fcb-4546-8eb2-25790cdb1ca4','Bryant Group','Synchronized multi-tasking open architecture','9868 Merritt Summit Suite 743','Katiehaven','New York','82650','Europe/Madrid',TRUE),
('13d5f2f7-709b-4d97-864c-04af3d3f3799','Mitchell, Nelson and Flores','Quality-focused attitude-oriented challenge','62316 Rivera Mountain','Brownchester','Missouri','77057','Europe/Madrid',TRUE),
('db52ca58-0500-4bc6-b20d-cb6ef2311f17','James, Smith and Bell','Versatile human-resource instruction set','3467 Paul Skyway','Ramseymouth','Florida','82061','Europe/Madrid',TRUE),
('64de82e6-e82c-4d7b-86e7-45f988bc539c','Elliott, Johnson and Day','Devolved maximized contingency','6537 Rogers Light','Karenchester','Kentucky','11236','Europe/Madrid',TRUE),
('8a175dfe-bfc0-4dc8-84f6-4d8678660765','Cooke LLC','Face-to-face solution-oriented architecture','33092 David Skyway','New Staciemouth','Vermont','34087','Europe/Madrid',TRUE),
('9b1bc895-2af4-4ab7-9e6f-ea07c4536f1d','Stuart, Higgins and Strickland','Diverse fault-tolerant benchmark','9663 Brittany Village','North Heidi','Maryland','90188','Europe/Madrid',TRUE),
('cbd58bf6-1efd-46e9-8e37-14af99b49350','Patton, Reed and Patterson','Multi-layered asymmetric middleware','67165 Zimmerman Mews Apt. 849','Marshallshire','Louisiana','42746','Europe/Madrid',TRUE),
('ef43613c-d4aa-49a3-bed8-c56cda09dfa0','Ramirez Group','Fully-configurable web-enabled Local Area Network','0752 Lewis Union Suite 549','Angelahaven','Illinois','11722','Europe/Madrid',TRUE),
('7d137018-680b-4c63-b856-d0353dc98290','Chang, Vaughn and Brewer','Pre-emptive local utilization','43634 Kennedy Pines','Ronaldside','Michigan','46613','Europe/Madrid',TRUE),
('4e7ed827-455a-4762-b428-a656b3ee4d3b','Hall-Griffith','Intuitive bottom-line synergy','37498 Hooper Village','West Jeremy','Idaho','40119','Europe/Madrid',TRUE),
('2067bdac-88bd-43d1-b540-b30e039f3a25','Williams-Brown','Implemented tangible capacity','09477 Peterson Center Suite 711','Vasquezshire','South Dakota','90475','Europe/Madrid',TRUE),
('cfa701cd-2631-400b-a6d7-94d30db95301','Avery, Miller and Wright','Realigned well-modulated instruction set','677 Dalton Meadow','Ashleyton','South Carolina','97505','Europe/Madrid',TRUE),
('3531968d-c342-4d2b-b295-456e19675f06','Clark, Guerrero and Moore','Enhanced neutral archive','67974 Jesse Squares','Jacquelinemouth','California','90597','Europe/Madrid',TRUE),
('c9af18f8-43b9-4a13-ac85-6f373bc1a987','Lawrence, Lara and Gonzalez','Customizable needs-based definition','2102 Larson Views','Scottmouth','Vermont','40358','Europe/Madrid',TRUE),
('45b1ed25-f153-4ae8-a70a-cc5cb321bf21','Fernandez, Kim and George','Optional user-facing Graphic Interface','13990 Johnston Track Apt. 787','Howardshire','Nevada','83703','Europe/Madrid',TRUE),
('175ba98d-f814-4102-bde1-bdfed0725b5c','Bailey-Cook','Synchronized bi-directional complexity','7468 Shawn Island Suite 516','Lake Mollymouth','Nebraska','07605','Europe/Madrid',TRUE),
('9f64eeed-5c9d-427d-84b8-71bb300568d2','Garrett-Wolf','Expanded encompassing neural-net','7710 Jennifer Inlet','New Rickybury','Delaware','60983','Europe/Madrid',TRUE),
('d50755d9-a5d0-4d53-9e12-42e3f27292b6','Jimenez Ltd','Implemented multimedia strategy','7737 Patrick Rapid Apt. 146','Sarahhaven','Louisiana','00837','Europe/Madrid',TRUE),
('d664d264-4c6e-47ff-b9de-7a3a486822b9','Carpenter, Keller and Grimes','Organized national matrices','8867 Kane Square Apt. 963','Williamsfort','Virginia','50469','Europe/Madrid',TRUE),
('cada4f80-a9e7-42d4-bd08-b32c62d60e93','Pollard, Simpson and Johnson','Profit-focused optimizing groupware','1870 Robert Shoal','North Terrance','Kentucky','44876','Europe/Madrid',TRUE),
('a65bb1f2-65c1-4795-b155-16bc9f8ded97','Christian Ltd','Public-key homogeneous functionalities','091 Crystal Heights Apt. 161','South Garrettport','Alaska','06529','Europe/Madrid',TRUE),
('4b1a269b-0e5d-4462-8bd0-0ef2530a37df','Brooks-Thomas','Progressive incremental open system','21969 Tyler Prairie','East Steven','Kentucky','60737','Europe/Madrid',TRUE),
('e61ede90-0267-4eb3-aab6-12c9415d174a','Santana-Byrd','Diverse asynchronous intranet','464 Bruce Flat Suite 713','Armstrongshire','Maine','92156','Europe/Madrid',TRUE),
('d47d577b-fa5a-41ca-859d-d55d4b943e30','Foster, Smith and Grimes','Vision-oriented value-added application','3953 Christine Springs Apt. 104','Johnsonstad','Washington','17725','Europe/Madrid',TRUE),
('53a3dd5a-4b8c-4bdc-a8dd-5e5a1712fb16','Perry, Gonzalez and Buchanan','Multi-lateral multi-tasking middleware','47451 Mccarty Divide Apt. 685','Port Ralphview','Ohio','16700','Europe/Madrid',TRUE),
('bfbf397b-ac3e-4b0d-9e5b-a13d746cdb77','Baker, James and Little','Multi-layered bi-directional service-desk','0985 Deborah Roads','Blankenshipport','Tennessee','54017','Europe/Madrid',TRUE),
('f23e323d-0b9b-4934-a3c8-6d301dde7969','Torres Group','Customizable bandwidth-monitored encoding','7586 Nicole Shoal','Port Tracychester','Louisiana','04789','Europe/Madrid',TRUE),
('71818dcf-379e-4c6e-9edb-0d3cb0b63bcf','Sampson-Foley','Cross-platform systemic hub','64317 Elizabeth Row Apt. 053','Port Anne','California','73142','Europe/Madrid',TRUE),
('d0243d72-3748-467f-961d-33ba350843f0','Murphy and Sons','Right-sized 24hour focus group','84210 Alexis Turnpike','New Mario','Idaho','35283','Europe/Madrid',TRUE),
('6bc4123e-bde1-4c1b-a073-3f6d0d6a05b3','Wilson, Brown and West','Multi-lateral multimedia parallelism','8390 Ellis Burgs','South Melaniechester','Utah','14651','Europe/Madrid',TRUE),
('718d4d05-e8e2-4743-b65f-eea97d824264','Lam LLC','Robust client-server architecture','9985 Vang Pines','Shawnchester','Connecticut','92484','Europe/Madrid',TRUE),
('a6a27967-a79b-44b6-9a50-9fed1d4a3d81','Le, Lewis and Hayes','Focused incremental Graphical User Interface','6156 Ortega Landing Apt. 711','North Ryanstad','Florida','73425','Europe/Madrid',TRUE),
('8fc42092-f4e5-49e5-9622-93480f5ae9d3','Rivera, Martinez and Gomez','Synchronized web-enabled interface','9451 Eric Orchard','Port Daniel','Oklahoma','48677','Europe/Madrid',TRUE),
('92f837d4-4750-4f1d-833a-1f6c1d691fba','Aguirre PLC','Visionary regional pricing structure','402 Park Inlet','Michaelburgh','Georgia','74729','Europe/Madrid',TRUE),
('2451e5a4-11d0-49b2-a699-cd99a847bce7','Schultz, Johnson and Reese','Extended homogeneous instruction set','2545 Nicole Drives Apt. 901','Scottchester','New York','80071','Europe/Madrid',TRUE),
('372f871a-45ee-432d-aa07-f2137129cec7','Wilson, Jordan and Campbell','Synergistic optimizing matrix','36900 Kevin Forest Apt. 445','North Tylerchester','Idaho','17433','Europe/Madrid',TRUE),
('3ae88926-b423-4cde-8857-511761554667','Hansen, Barnett and Gomez','Object-based user-facing analyzer','71596 Mckinney Mall Suite 160','Georgemouth','Vermont','47929','Europe/Madrid',TRUE),
('1b19d8b8-d830-4081-afcc-57dd168fae12','Graham Group','Progressive attitude-oriented infrastructure','535 Charles Roads Apt. 883','Michaelberg','Kansas','13975','Europe/Madrid',TRUE),
('2c6a6e9a-3280-47a1-8187-222b257d5e52','Hernandez, Malone and Jones','Visionary responsive methodology','979 Lin Road Suite 271','Ramosport','Louisiana','78019','Europe/Madrid',TRUE),
('12fe28bf-81e0-4489-9a18-e2a30e614bcd','Murray-Johnson','Multi-layered executive archive','986 Carpenter Turnpike','South Reginashire','Tennessee','25173','Europe/Madrid',TRUE),
('80599b93-79c2-42e4-9ae1-a991524f93ff','Rosario Group','Customer-focused global structure','203 Ritter Pine','West Nathan','Maine','51280','Europe/Madrid',TRUE),
('adcc3daf-569f-4ab3-8643-530068a51c68','Williams, Mccoy and Cook','Managed bandwidth-monitored open architecture','4925 Brandi Divide Suite 462','West Angelicamouth','Florida','88334','Europe/Madrid',TRUE),
('bd20563b-f275-45f3-9436-a7a8b3ecb951','Gaines, Davis and Santiago','Profound high-level adapter','2357 Jeremy Dam Apt. 141','Lake Matthewberg','Rhode Island','49878','Europe/Madrid',TRUE),
('d4d30795-2e4b-4bc4-a989-0880277d1be9','Wise, Lamb and Martin','Organic 6thgeneration installation','379 Goodwin Tunnel Suite 383','Tammyfort','Illinois','48714','Europe/Madrid',TRUE),
('fc043f08-9207-4158-b277-1f63ada58417','Murray-Campbell','Multi-tiered motivating moderator','39240 Sawyer Plaza Apt. 814','Port Ethanmouth','North Carolina','19814','Europe/Madrid',TRUE),
('f24823ab-177a-4a5f-affe-33b3d4bf7a4b','Velasquez LLC','Assimilated intangible application','536 Nicholas Burgs Suite 152','North Justin','New Mexico','91736','Europe/Madrid',TRUE),
('b49e04cc-c243-49e7-a387-eaf6d4c3a832','West-Smith','Configurable 3rdgeneration extranet','89861 Young Crossing','East Robertmouth','California','15031','Europe/Madrid',TRUE),
('98c3e3ca-7ff4-4ec6-a7b7-b4c6d6312a80','Smith, Robertson and Allen','Digitized explicit interface','539 Lopez Skyway','New Theresaland','North Dakota','71814','Europe/Madrid',TRUE),
('81f38dd4-fd03-4ada-8952-518581e03a5e','Smith, Marks and Williams','Networked holistic extranet','1531 Anderson Knoll','Lisaburgh','Wyoming','90243','Europe/Madrid',TRUE),
('7a8104de-b205-47bb-bb16-f75776f186ab','White, Taylor and Baldwin','Persevering 5thgeneration frame','30548 Hays Plains','Kingborough','Maine','47290','Europe/Madrid',TRUE),
('dda4f4a7-0c3c-4284-87e5-3bbbdcb51c53','Rivera, Martinez and Richardson','Open-architected value-added intranet','2775 Owen Stream Suite 169','New Kelly','Connecticut','10995','Europe/Madrid',TRUE),
('4e76833a-4baf-4f5e-a932-009453f28f11','Morrison-Simmons','Team-oriented leadingedge hardware','59640 Emily Lodge Suite 820','Port Cathy','New Hampshire','05062','Europe/Madrid',TRUE),
('c74cc890-3c6a-4174-9136-34a520509c62','Diaz, Reyes and Bradley','Robust coherent service-desk','5719 Alyssa Locks Suite 431','Lake Jacobhaven','Missouri','74120','Europe/Madrid',TRUE),
('42a259a6-c664-4285-8303-cbc11e2595b8','Griffin, Davies and Mitchell','Pre-emptive dedicated capability','72715 Mckinney Plaza','Patriciaburgh','Virginia','93504','Europe/Madrid',TRUE),
('2c913a7c-a340-4f08-b341-91b8ed6522b4','Hicks-Martinez','Exclusive client-driven encoding','58957 Cheryl Corners Apt. 467','Hammondshire','California','16927','Europe/Madrid',TRUE),
('12fc7a87-a470-4d48-9128-b9b1f8ede0ca','Owens-Holmes','De-engineered zero-defect neural-net','68018 Kevin Estates','Sarahbury','Minnesota','68513','Europe/Madrid',TRUE),
('143029a9-d88f-4c94-88b7-63d5e519dd7e','Gonzalez-Huber','Grass-roots clear-thinking product','818 Brittany Prairie Apt. 299','Meganshire','Arizona','04219','Europe/Madrid',TRUE),
('a4364fcd-f2d3-4761-8ba3-627914cb0564','Baker, Clark and Armstrong','Secured scalable algorithm','844 Sanchez Valley Suite 471','East Scottfort','New Jersey','27242','Europe/Madrid',TRUE),
('5005680f-24c7-48a5-9b4e-164b5716dc2e','Flores, Travis and Reed','Open-architected clear-thinking task-force','815 Steven Grove Suite 321','West Soniachester','Kansas','21433','Europe/Madrid',TRUE),
('93e34c35-ef0a-473d-93d2-d56dd0401587','Edwards, Hines and Jimenez','Profound maximized methodology','0168 Levy Forge Suite 004','Harperfort','Maine','70846','Europe/Madrid',TRUE),
('6e51484d-1b84-4dc3-98e0-49de0217ea0e','Khan Ltd','Multi-lateral well-modulated initiative','60983 Tran Cliffs Suite 878','Marciaville','Florida','13173','Europe/Madrid',TRUE),
('fc9e1dcb-cb7e-4268-9f89-ed1264d6dfbf','Grant-Diaz','Digitized dedicated portal','000 Jennifer Unions Suite 872','West Sarah','Massachusetts','21800','Europe/Madrid',TRUE),
('bd44089d-9dd2-49de-bd98-fe336498abe9','Wheeler-Romero','Profound national matrix','0551 Silva Underpass Apt. 974','Lake Brett','New Mexico','22850','Europe/Madrid',TRUE),
('9ea7017c-b89f-4039-a107-cc4686341718','Hernandez-Becker','Automated object-oriented standardization','07562 Vaughn Loop','Salaston','Virginia','18599','Europe/Madrid',TRUE),
('5336723b-8f96-4685-b514-589084c86c46','Mendoza, Bennett and Frye','Persevering national Graphical User Interface','497 Susan Harbors Suite 344','Lake Janet','Massachusetts','63389','Europe/Madrid',TRUE),
('ef3a6f27-ef06-4ccb-8f7c-1d59594b2a3a','Hill, Martinez and Rhodes','Multi-tiered hybrid hardware','0415 Douglas Summit','Lewisside','Louisiana','74165','Europe/Madrid',TRUE),
('1bf645f6-2324-4211-8588-fc1bb2384849','Yang, Allen and Williams','Progressive directional productivity','16571 Adam Plaza','South Denise','New Mexico','63081','Europe/Madrid',TRUE),
('f6c31218-c183-4315-b30f-8be1a689b424','Morris-Brewer','Visionary background projection','026 Sarah Camp','Frenchburgh','West Virginia','38442','Europe/Madrid',TRUE),
('4c636e95-025f-4543-8997-623ae0723d96','Morrison, Hebert and Rogers','Persevering secondary moratorium','87431 Martin Mount Suite 205','Ashleyborough','Idaho','80580','Europe/Madrid',TRUE),
('67ce378f-e5a4-483b-a383-889adb2c6ac8','Robertson-Miller','Synchronized bandwidth-monitored contingency','5304 Young Terrace','Stephanieport','Pennsylvania','95250','Europe/Madrid',TRUE),
('a757cb10-42f5-45b9-82ed-73ce92a81713','Schwartz-Brown','Decentralized maximized function','8414 Mendez Forges','South Eric','West Virginia','79896','Europe/Madrid',TRUE),
('8c9aa1e9-b3b2-4337-aa74-dbb75fa5e0aa','Todd-Pham','Extended well-modulated encryption','785 Samantha Creek','Port Amyhaven','Illinois','75566','Europe/Madrid',TRUE),
('53ff8461-2a1f-4b61-a65c-b9d989628f6e','Ramos, Frazier and Love','Pre-emptive background migration','72867 Angelica Spring Suite 064','Lake Jefferyland','Arizona','56035','Europe/Madrid',TRUE),
('8a89b0f0-1052-41d3-b34c-6c7358330b30','Michael Inc','Phased 5thgeneration forecast','26567 Bennett Springs Apt. 512','Ricebury','Alabama','99614','Europe/Madrid',TRUE),
('76876c62-4c61-445e-ba7e-5d9405d1fb63','Ball, Coleman and Gray','Focused dynamic knowledgebase','43106 John Cliff Apt. 907','East Joyfurt','New Hampshire','31216','Europe/Madrid',TRUE),
('dd1d6cd1-c11f-4bf5-b79e-f4678a2db2e6','Taylor LLC','Focused upward-trending orchestration','953 Walter Shore Apt. 644','New Stacyburgh','South Dakota','89466','Europe/Madrid',TRUE),
('0c00988a-7ee1-411a-8e4c-3ab56d5d0477','David-Powers','Progressive foreground standardization','2462 Allen Fork Suite 270','Faulknerside','North Dakota','18076','Europe/Madrid',TRUE),
('340de049-4147-4506-be2b-f9c9636f6e5c','Lucas-Nielsen','Multi-layered background monitoring','46990 Jacob Trace','South Jason','Michigan','40240','Europe/Madrid',TRUE);

-- ================================
-- UNITS (100)
-- ================================
INSERT INTO facilities.units("establishmentId",name,type,"surfaceType",indoor,capacity,active) VALUES
(1,'When 1','football','artificial_grass',TRUE,17,TRUE),
(2,'Administration 2','paddle','clay',TRUE,16,TRUE),
(3,'Development 3','football','hard',TRUE,6,TRUE),
(4,'Write 4','paddle','wood',TRUE,2,TRUE),
(5,'Customer 5','football','artificial_grass',TRUE,11,TRUE),
(6,'Site 6','football','artificial_grass',FALSE,3,TRUE),
(7,'Buy 7','paddle','clay',TRUE,16,TRUE),
(8,'Skin 8','football','hard',TRUE,2,TRUE),
(9,'Somebody 9','paddle','clay',FALSE,6,TRUE),
(10,'Measure 10','football','wood',FALSE,4,TRUE),
(11,'Who 11','paddle','natural_grass',FALSE,19,TRUE),
(12,'Eight 12','paddle','hard',FALSE,20,TRUE),
(13,'Safe 13','football','artificial_grass',FALSE,18,TRUE),
(14,'Pm 14','paddle','wood',FALSE,17,TRUE),
(15,'Score 15','football','clay',TRUE,2,TRUE),
(16,'Democratic 16','paddle','hard',TRUE,6,TRUE),
(17,'Industry 17','paddle','artificial_grass',TRUE,11,TRUE),
(18,'Whole 18','paddle','wood',FALSE,12,TRUE),
(19,'Education 19','paddle','wood',TRUE,18,TRUE),
(20,'Old 20','paddle','hard',FALSE,17,TRUE),
(21,'Fund 21','paddle','natural_grass',FALSE,3,TRUE),
(22,'Stand 22','football','natural_grass',FALSE,4,TRUE),
(23,'Fear 23','paddle','wood',FALSE,15,TRUE),
(24,'Husband 24','paddle','wood',FALSE,9,TRUE),
(25,'Man 25','paddle','wood',TRUE,11,TRUE),
(26,'None 26','paddle','natural_grass',TRUE,8,TRUE),
(27,'Range 27','paddle','wood',TRUE,9,TRUE),
(28,'Her 28','paddle','wood',TRUE,17,TRUE),
(29,'Foot 29','football','wood',TRUE,19,TRUE),
(30,'Every 30','paddle','artificial_grass',FALSE,17,TRUE),
(31,'Here 31','paddle','hard',TRUE,16,TRUE),
(32,'Must 32','paddle','wood',TRUE,19,TRUE),
(33,'Us 33','paddle','clay',TRUE,11,TRUE),
(34,'Modern 34','paddle','clay',FALSE,20,TRUE),
(35,'Man 35','paddle','wood',TRUE,14,TRUE),
(36,'Billion 36','paddle','wood',TRUE,16,TRUE),
(37,'Suggest 37','football','artificial_grass',TRUE,9,TRUE),
(38,'Seven 38','football','wood',FALSE,5,TRUE),
(39,'Manager 39','paddle','hard',FALSE,8,TRUE),
(40,'Sort 40','paddle','natural_grass',TRUE,17,TRUE),
(41,'Those 41','paddle','artificial_grass',FALSE,20,TRUE),
(42,'Front 42','paddle','natural_grass',TRUE,7,TRUE),
(43,'Who 43','paddle','wood',FALSE,20,TRUE),
(44,'Democrat 44','paddle','wood',TRUE,7,TRUE),
(45,'Hospital 45','paddle','wood',FALSE,18,TRUE),
(46,'Form 46','paddle','clay',FALSE,3,TRUE),
(47,'Job 47','paddle','hard',FALSE,9,TRUE),
(48,'Answer 48','paddle','artificial_grass',TRUE,18,TRUE),
(49,'Order 49','football','artificial_grass',FALSE,3,TRUE),
(50,'Treat 50','football','wood',TRUE,13,TRUE),
(51,'Do 51','paddle','hard',FALSE,6,TRUE),
(52,'Site 52','paddle','clay',TRUE,18,TRUE),
(53,'Child 53','paddle','clay',TRUE,13,TRUE),
(54,'Admit 54','football','artificial_grass',FALSE,8,TRUE),
(55,'Every 55','paddle','wood',FALSE,20,TRUE),
(56,'On 56','paddle','hard',FALSE,11,TRUE),
(57,'Worry 57','football','wood',TRUE,9,TRUE),
(58,'Pattern 58','football','natural_grass',FALSE,7,TRUE),
(59,'Particularly 59','paddle','hard',TRUE,9,TRUE),
(60,'Service 60','paddle','hard',TRUE,19,TRUE),
(61,'Key 61','paddle','clay',TRUE,9,TRUE),
(62,'Find 62','paddle','wood',TRUE,9,TRUE),
(63,'Claim 63','paddle','clay',TRUE,17,TRUE),
(64,'Deal 64','football','artificial_grass',FALSE,7,TRUE),
(65,'Girl 65','football','wood',FALSE,18,TRUE),
(66,'Drug 66','paddle','clay',FALSE,14,TRUE),
(67,'Hundred 67','football','natural_grass',TRUE,3,TRUE),
(68,'Over 68','paddle','artificial_grass',TRUE,11,TRUE),
(69,'These 69','paddle','wood',FALSE,20,TRUE),
(70,'Else 70','football','natural_grass',FALSE,4,TRUE),
(71,'Money 71','paddle','hard',TRUE,14,TRUE),
(72,'Oil 72','paddle','wood',TRUE,12,TRUE),
(73,'Real 73','paddle','hard',TRUE,13,TRUE),
(74,'Yet 74','paddle','natural_grass',FALSE,20,TRUE),
(75,'Reveal 75','football','artificial_grass',TRUE,10,TRUE),
(76,'Green 76','paddle','hard',FALSE,9,TRUE),
(77,'Even 77','football','wood',TRUE,6,TRUE),
(78,'Source 78','paddle','wood',TRUE,19,TRUE),
(79,'Term 79','paddle','wood',FALSE,19,TRUE),
(80,'Middle 80','paddle','wood',TRUE,14,TRUE),
(81,'Several 81','paddle','artificial_grass',FALSE,8,TRUE),
(82,'Quality 82','paddle','hard',FALSE,7,TRUE),
(83,'Sister 83','football','artificial_grass',TRUE,17,TRUE),
(84,'Military 84','paddle','artificial_grass',TRUE,10,TRUE),
(85,'Magazine 85','football','natural_grass',FALSE,16,TRUE),
(86,'Concern 86','paddle','wood',TRUE,15,TRUE),
(87,'Significant 87','football','clay',TRUE,9,TRUE),
(88,'Stuff 88','paddle','clay',TRUE,13,TRUE),
(89,'He 89','paddle','wood',FALSE,10,TRUE),
(90,'Condition 90','paddle','wood',TRUE,12,TRUE),
(91,'Challenge 91','paddle','artificial_grass',FALSE,4,TRUE),
(92,'Service 92','paddle','natural_grass',FALSE,15,TRUE),
(93,'Office 93','paddle','wood',TRUE,14,TRUE),
(94,'Middle 94','football','wood',FALSE,16,TRUE),
(95,'Create 95','paddle','clay',TRUE,13,TRUE),
(96,'Whom 96','paddle','wood',TRUE,20,TRUE),
(97,'Visit 97','paddle','hard',TRUE,2,TRUE),
(98,'Occur 98','football','wood',FALSE,5,TRUE),
(99,'Quality 99','paddle','wood',FALSE,8,TRUE),
(100,'Artist 100','paddle','wood',TRUE,18,TRUE);

-- ================================
-- SLOTS (100)
-- ================================
INSERT INTO facilities.slots("unitId","dayOfWeek","openTime","closeTime",active) VALUES
(1,3,'12:00:00','13:00:00',TRUE),
(2,3,'16:00:00','17:00:00',TRUE),
(3,5,'16:00:00','17:00:00',TRUE),
(4,5,'10:00:00','11:00:00',TRUE),
(5,6,'06:00:00','07:00:00',TRUE),
(6,5,'19:00:00','20:00:00',TRUE),
(7,4,'10:00:00','11:00:00',TRUE),
(8,0,'13:00:00','14:00:00',TRUE),
(9,4,'06:00:00','07:00:00',TRUE),
(10,3,'08:00:00','09:00:00',TRUE),
(11,4,'07:00:00','08:00:00',TRUE),
(12,1,'11:00:00','12:00:00',TRUE),
(13,4,'12:00:00','13:00:00',TRUE),
(14,1,'06:00:00','07:00:00',TRUE),
(15,5,'11:00:00','12:00:00',TRUE),
(16,6,'19:00:00','20:00:00',TRUE),
(17,1,'07:00:00','08:00:00',TRUE),
(18,4,'06:00:00','07:00:00',TRUE),
(19,6,'09:00:00','10:00:00',TRUE),
(20,2,'17:00:00','18:00:00',TRUE),
(21,0,'18:00:00','19:00:00',TRUE),
(22,6,'10:00:00','11:00:00',TRUE),
(23,1,'12:00:00','13:00:00',TRUE),
(24,2,'19:00:00','20:00:00',TRUE),
(25,1,'09:00:00','10:00:00',TRUE),
(26,2,'07:00:00','08:00:00',TRUE),
(27,4,'11:00:00','12:00:00',TRUE),
(28,6,'09:00:00','10:00:00',TRUE),
(29,1,'10:00:00','11:00:00',TRUE),
(30,6,'16:00:00','17:00:00',TRUE),
(31,1,'16:00:00','17:00:00',TRUE),
(32,4,'13:00:00','14:00:00',TRUE),
(33,2,'15:00:00','16:00:00',TRUE),
(34,0,'13:00:00','14:00:00',TRUE),
(35,5,'18:00:00','19:00:00',TRUE),
(36,3,'07:00:00','08:00:00',TRUE),
(37,1,'07:00:00','08:00:00',TRUE),
(38,1,'15:00:00','16:00:00',TRUE),
(39,2,'11:00:00','12:00:00',TRUE),
(40,5,'11:00:00','12:00:00',TRUE),
(41,4,'12:00:00','13:00:00',TRUE),
(42,6,'16:00:00','17:00:00',TRUE),
(43,0,'20:00:00','21:00:00',TRUE),
(44,2,'10:00:00','11:00:00',TRUE),
(45,5,'20:00:00','21:00:00',TRUE),
(46,2,'10:00:00','11:00:00',TRUE),
(47,4,'14:00:00','15:00:00',TRUE),
(48,3,'11:00:00','12:00:00',TRUE),
(49,0,'16:00:00','17:00:00',TRUE),
(50,0,'17:00:00','18:00:00',TRUE),
(51,4,'07:00:00','08:00:00',TRUE),
(52,2,'16:00:00','17:00:00',TRUE),
(53,5,'07:00:00','08:00:00',TRUE),
(54,2,'11:00:00','12:00:00',TRUE),
(55,4,'16:00:00','17:00:00',TRUE),
(56,2,'06:00:00','07:00:00',TRUE),
(57,2,'11:00:00','12:00:00',TRUE),
(58,5,'17:00:00','18:00:00',TRUE),
(59,2,'11:00:00','12:00:00',TRUE),
(60,3,'13:00:00','14:00:00',TRUE),
(61,2,'10:00:00','11:00:00',TRUE),
(62,2,'07:00:00','08:00:00',TRUE),
(63,0,'14:00:00','15:00:00',TRUE),
(64,1,'07:00:00','08:00:00',TRUE),
(65,5,'16:00:00','17:00:00',TRUE),
(66,0,'13:00:00','14:00:00',TRUE),
(67,3,'18:00:00','19:00:00',TRUE),
(68,4,'20:00:00','21:00:00',TRUE),
(69,5,'16:00:00','17:00:00',TRUE),
(70,2,'11:00:00','12:00:00',TRUE),
(71,6,'06:00:00','07:00:00',TRUE),
(72,5,'15:00:00','16:00:00',TRUE),
(73,0,'10:00:00','11:00:00',TRUE),
(74,3,'07:00:00','08:00:00',TRUE),
(75,2,'13:00:00','14:00:00',TRUE),
(76,1,'19:00:00','20:00:00',TRUE),
(77,1,'20:00:00','21:00:00',TRUE),
(78,3,'07:00:00','08:00:00',TRUE),
(79,5,'10:00:00','11:00:00',TRUE),
(80,5,'09:00:00','10:00:00',TRUE),
(81,6,'07:00:00','08:00:00',TRUE),
(82,3,'13:00:00','14:00:00',TRUE),
(83,4,'15:00:00','16:00:00',TRUE),
(84,2,'13:00:00','14:00:00',TRUE),
(85,1,'15:00:00','16:00:00',TRUE),
(86,5,'18:00:00','19:00:00',TRUE),
(87,5,'11:00:00','12:00:00',TRUE),
(88,5,'20:00:00','21:00:00',TRUE),
(89,6,'08:00:00','09:00:00',TRUE),
(90,0,'12:00:00','13:00:00',TRUE),
(91,4,'08:00:00','09:00:00',TRUE),
(92,2,'16:00:00','17:00:00',TRUE),
(93,0,'06:00:00','07:00:00',TRUE),
(94,3,'17:00:00','18:00:00',TRUE),
(95,0,'11:00:00','12:00:00',TRUE),
(96,1,'18:00:00','19:00:00',TRUE),
(97,4,'06:00:00','07:00:00',TRUE),
(98,3,'19:00:00','20:00:00',TRUE),
(99,2,'07:00:00','08:00:00',TRUE),
(100,4,'20:00:00','21:00:00',TRUE),

-- ================================
-- ADDITIONAL SLOTS (200) - Multiple slots per unit
-- ================================
-- Slots adicionales para las primeras 20 unidades (3-4 slots por unidad)
(1,3,'08:00:00','09:00:00',TRUE),
(1,3,'14:00:00','15:00:00',TRUE),
(1,3,'18:00:00','19:00:00',TRUE),
(2,3,'10:00:00','11:00:00',TRUE),
(2,3,'14:00:00','15:00:00',TRUE),
(2,3,'19:00:00','20:00:00',TRUE),
(3,5,'10:00:00','11:00:00',TRUE),
(3,5,'12:00:00','13:00:00',TRUE),
(3,5,'18:00:00','19:00:00',TRUE),
(4,5,'08:00:00','09:00:00',TRUE),
(4,5,'14:00:00','15:00:00',TRUE),
(4,5,'16:00:00','17:00:00',TRUE),
(5,6,'08:00:00','09:00:00',TRUE),
(5,6,'12:00:00','13:00:00',TRUE),
(5,6,'16:00:00','17:00:00',TRUE),
(6,5,'07:00:00','08:00:00',TRUE),
(6,5,'11:00:00','12:00:00',TRUE),
(6,5,'17:00:00','18:00:00',TRUE),
(7,4,'08:00:00','09:00:00',TRUE),
(7,4,'14:00:00','15:00:00',TRUE),
(7,4,'18:00:00','19:00:00',TRUE),
(8,0,'09:00:00','10:00:00',TRUE),
(8,0,'15:00:00','16:00:00',TRUE),
(8,0,'19:00:00','20:00:00',TRUE),
(9,4,'08:00:00','09:00:00',TRUE),
(9,4,'12:00:00','13:00:00',TRUE),
(9,4,'16:00:00','17:00:00',TRUE),
(10,3,'10:00:00','11:00:00',TRUE),
(10,3,'14:00:00','15:00:00',TRUE),
(10,3,'18:00:00','19:00:00',TRUE),
(11,4,'09:00:00','10:00:00',TRUE),
(11,4,'13:00:00','14:00:00',TRUE),
(11,4,'17:00:00','18:00:00',TRUE),
(12,1,'09:00:00','10:00:00',TRUE),
(12,1,'15:00:00','16:00:00',TRUE),
(12,1,'19:00:00','20:00:00',TRUE),
(13,4,'08:00:00','09:00:00',TRUE),
(13,4,'16:00:00','17:00:00',TRUE),
(13,4,'20:00:00','21:00:00',TRUE),
(14,1,'08:00:00','09:00:00',TRUE),
(14,1,'12:00:00','13:00:00',TRUE),
(14,1,'16:00:00','17:00:00',TRUE),
(15,5,'09:00:00','10:00:00',TRUE),
(15,5,'15:00:00','16:00:00',TRUE),
(15,5,'19:00:00','20:00:00',TRUE),
(16,6,'07:00:00','08:00:00',TRUE),
(16,6,'13:00:00','14:00:00',TRUE),
(16,6,'17:00:00','18:00:00',TRUE),
(17,1,'09:00:00','10:00:00',TRUE),
(17,1,'13:00:00','14:00:00',TRUE),
(17,1,'17:00:00','18:00:00',TRUE),
(18,4,'08:00:00','09:00:00',TRUE),
(18,4,'12:00:00','13:00:00',TRUE),
(18,4,'16:00:00','17:00:00',TRUE),
(19,6,'07:00:00','08:00:00',TRUE),
(19,6,'11:00:00','12:00:00',TRUE),
(19,6,'15:00:00','16:00:00',TRUE),
(20,2,'09:00:00','10:00:00',TRUE),
(20,2,'13:00:00','14:00:00',TRUE),
(20,2,'19:00:00','20:00:00',TRUE),

-- Slots adicionales para unidades 21-40 (2-3 slots por unidad)
(21,0,'08:00:00','09:00:00',TRUE),
(21,0,'14:00:00','15:00:00',TRUE),
(22,6,'08:00:00','09:00:00',TRUE),
(22,6,'14:00:00','15:00:00',TRUE),
(23,1,'08:00:00','09:00:00',TRUE),
(23,1,'16:00:00','17:00:00',TRUE),
(24,2,'07:00:00','08:00:00',TRUE),
(24,2,'15:00:00','16:00:00',TRUE),
(25,1,'07:00:00','08:00:00',TRUE),
(25,1,'15:00:00','16:00:00',TRUE),
(26,2,'09:00:00','10:00:00',TRUE),
(26,2,'15:00:00','16:00:00',TRUE),
(27,4,'09:00:00','10:00:00',TRUE),
(27,4,'17:00:00','18:00:00',TRUE),
(28,6,'11:00:00','12:00:00',TRUE),
(28,6,'17:00:00','18:00:00',TRUE),
(29,1,'08:00:00','09:00:00',TRUE),
(29,1,'16:00:00','17:00:00',TRUE),
(30,6,'10:00:00','11:00:00',TRUE),
(30,6,'18:00:00','19:00:00',TRUE),
(31,1,'10:00:00','11:00:00',TRUE),
(31,1,'18:00:00','19:00:00',TRUE),
(32,4,'09:00:00','10:00:00',TRUE),
(32,4,'17:00:00','18:00:00',TRUE),
(33,2,'09:00:00','10:00:00',TRUE),
(33,2,'17:00:00','18:00:00',TRUE),
(34,0,'09:00:00','10:00:00',TRUE),
(34,0,'17:00:00','18:00:00',TRUE),
(35,5,'10:00:00','11:00:00',TRUE),
(35,5,'20:00:00','21:00:00',TRUE),
(36,3,'09:00:00','10:00:00',TRUE),
(36,3,'15:00:00','16:00:00',TRUE),
(37,1,'09:00:00','10:00:00',TRUE),
(37,1,'15:00:00','16:00:00',TRUE),
(38,1,'09:00:00','10:00:00',TRUE),
(38,1,'17:00:00','18:00:00',TRUE),
(39,2,'09:00:00','10:00:00',TRUE),
(39,2,'15:00:00','16:00:00',TRUE),
(40,5,'09:00:00','10:00:00',TRUE),
(40,5,'17:00:00','18:00:00',TRUE),

-- Slots adicionales para unidades 41-60 (2 slots por unidad)
(41,4,'08:00:00','09:00:00',TRUE),
(41,4,'16:00:00','17:00:00',TRUE),
(42,6,'10:00:00','11:00:00',TRUE),
(42,6,'18:00:00','19:00:00',TRUE),
(43,0,'14:00:00','15:00:00',TRUE),
(43,0,'18:00:00','19:00:00',TRUE),
(44,2,'08:00:00','09:00:00',TRUE),
(44,2,'16:00:00','17:00:00',TRUE),
(45,5,'14:00:00','15:00:00',TRUE),
(45,5,'18:00:00','19:00:00',TRUE),
(46,2,'08:00:00','09:00:00',TRUE),
(46,2,'16:00:00','17:00:00',TRUE),
(47,4,'10:00:00','11:00:00',TRUE),
(47,4,'18:00:00','19:00:00',TRUE),
(48,3,'09:00:00','10:00:00',TRUE),
(48,3,'17:00:00','18:00:00',TRUE),
(49,0,'10:00:00','11:00:00',TRUE),
(49,0,'18:00:00','19:00:00',TRUE),
(50,0,'11:00:00','12:00:00',TRUE),
(50,0,'19:00:00','20:00:00',TRUE),
(51,4,'09:00:00','10:00:00',TRUE),
(51,4,'15:00:00','16:00:00',TRUE),
(52,2,'10:00:00','11:00:00',TRUE),
(52,2,'18:00:00','19:00:00',TRUE),
(53,5,'09:00:00','10:00:00',TRUE),
(53,5,'15:00:00','16:00:00',TRUE),
(54,2,'09:00:00','10:00:00',TRUE),
(54,2,'17:00:00','18:00:00',TRUE),
(55,4,'10:00:00','11:00:00',TRUE),
(55,4,'18:00:00','19:00:00',TRUE),
(56,2,'08:00:00','09:00:00',TRUE),
(56,2,'14:00:00','15:00:00',TRUE),
(57,2,'09:00:00','10:00:00',TRUE),
(57,2,'17:00:00','18:00:00',TRUE),
(58,5,'11:00:00','12:00:00',TRUE),
(58,5,'19:00:00','20:00:00',TRUE),
(59,2,'09:00:00','10:00:00',TRUE),
(59,2,'17:00:00','18:00:00',TRUE),
(60,3,'09:00:00','10:00:00',TRUE),
(60,3,'17:00:00','18:00:00',TRUE),

-- Slots adicionales para unidades 61-80 (2 slots por unidad)
(61,2,'08:00:00','09:00:00',TRUE),
(61,2,'16:00:00','17:00:00',TRUE),
(62,2,'09:00:00','10:00:00',TRUE),
(62,2,'15:00:00','16:00:00',TRUE),
(63,0,'10:00:00','11:00:00',TRUE),
(63,0,'18:00:00','19:00:00',TRUE),
(64,1,'09:00:00','10:00:00',TRUE),
(64,1,'15:00:00','16:00:00',TRUE),
(65,5,'10:00:00','11:00:00',TRUE),
(65,5,'18:00:00','19:00:00',TRUE),
(66,0,'09:00:00','10:00:00',TRUE),
(66,0,'17:00:00','18:00:00',TRUE),
(67,3,'10:00:00','11:00:00',TRUE),
(67,3,'20:00:00','21:00:00',TRUE),
(68,4,'14:00:00','15:00:00',TRUE),
(68,4,'18:00:00','19:00:00',TRUE),
(69,5,'10:00:00','11:00:00',TRUE),
(69,5,'18:00:00','19:00:00',TRUE),
(70,2,'09:00:00','10:00:00',TRUE),
(70,2,'17:00:00','18:00:00',TRUE),
(71,6,'08:00:00','09:00:00',TRUE),
(71,6,'14:00:00','15:00:00',TRUE),
(72,5,'09:00:00','10:00:00',TRUE),
(72,5,'17:00:00','18:00:00',TRUE),
(73,0,'08:00:00','09:00:00',TRUE),
(73,0,'16:00:00','17:00:00',TRUE),
(74,3,'09:00:00','10:00:00',TRUE),
(74,3,'15:00:00','16:00:00',TRUE),
(75,2,'09:00:00','10:00:00',TRUE),
(75,2,'17:00:00','18:00:00',TRUE),
(76,1,'13:00:00','14:00:00',TRUE),
(76,1,'17:00:00','18:00:00',TRUE),
(77,1,'14:00:00','15:00:00',TRUE),
(77,1,'18:00:00','19:00:00',TRUE),
(78,3,'09:00:00','10:00:00',TRUE),
(78,3,'15:00:00','16:00:00',TRUE),
(79,5,'08:00:00','09:00:00',TRUE),
(79,5,'16:00:00','17:00:00',TRUE),
(80,5,'07:00:00','08:00:00',TRUE),
(80,5,'15:00:00','16:00:00',TRUE),

-- Slots adicionales para unidades 81-100 (1-2 slots por unidad)
(81,6,'09:00:00','10:00:00',TRUE),
(82,3,'09:00:00','10:00:00',TRUE),
(83,4,'09:00:00','10:00:00',TRUE),
(84,2,'09:00:00','10:00:00',TRUE),
(85,1,'09:00:00','10:00:00',TRUE),
(86,5,'10:00:00','11:00:00',TRUE),
(87,5,'09:00:00','10:00:00',TRUE),
(88,5,'14:00:00','15:00:00',TRUE),
(89,6,'10:00:00','11:00:00',TRUE),
(90,0,'08:00:00','09:00:00',TRUE),
(91,4,'10:00:00','11:00:00',TRUE),
(92,2,'10:00:00','11:00:00',TRUE),
(93,0,'08:00:00','09:00:00',TRUE),
(94,3,'11:00:00','12:00:00',TRUE),
(95,0,'09:00:00','10:00:00',TRUE),
(96,1,'12:00:00','13:00:00',TRUE),
(97,4,'08:00:00','09:00:00',TRUE),
(98,3,'13:00:00','14:00:00',TRUE),
(99,2,'09:00:00','10:00:00',TRUE),
(100,4,'14:00:00','15:00:00',TRUE);

-- ================================
-- RESERVATIONS (100)
-- ================================
INSERT INTO reservations.reservations("userId","reservationDate","status") VALUES
('d8c128e7-d6cd-4155-88a8-ac7f862138ad','2025-10-16','CANCELLED'),
('ab102c9b-d168-4e09-b1f7-d90413075157','2025-10-07','CONFIRMED'),
('6992896e-01a2-4ed1-83ab-b5f10c6b7074','2025-10-18','CANCELLED'),
('3b3f3800-a175-49c3-97b1-02a92332a50e','2025-10-01','CONFIRMED'),
('02571851-26a9-4100-b509-109b116658ce','2025-09-30','CONFIRMED'),
('5f8a14bd-74bd-4c93-8177-b66137fe032c','2025-10-17','CONFIRMED'),
('aab07015-a342-4e50-9e2a-73240f79a8a7','2025-09-28','CANCELLED'),
('7bb3447b-e9aa-444b-9dd4-3675ef145064','2025-10-19','CONFIRMED'),
('01b158e9-0406-4f44-bce4-0679a8c6dbc0','2025-10-03','CANCELLED'),
('0308aa5e-694d-4b00-8d38-8327883f13c6','2025-10-07','CANCELLED'),
('465568b7-b8e1-4f56-8787-ea2104482a22','2025-09-27','CANCELLED'),
('0463750e-4964-4b96-ba3c-1628892621df','2025-10-18','CONFIRMED'),
('ac8d6c7d-b2a6-4468-902b-124380913ac1','2025-10-18','CANCELLED'),
('e8e6e840-f090-45a0-8e61-01996e3a0ba8','2025-10-22','CANCELLED'),
('18a806ef-eb05-4fc4-9b65-6dab2de46e91','2025-09-30','CONFIRMED'),
('31227592-3db0-4235-a61e-2555863e1f2a','2025-10-20','CANCELLED'),
('d0b1e3eb-409e-4a80-86c5-d1d69ea9f508','2025-10-17','CONFIRMED'),
('659b0105-cb80-4288-846f-64dd5abca6e5','2025-10-03','CONFIRMED'),
('67f1698c-f594-4a54-9f80-4eeb143a9aff','2025-10-21','PENDING_PAYMENT'),
('fd7fe973-3e42-4f5b-90a3-fbbf7580e050','2025-10-01','PENDING_PAYMENT'),
('af1d5a1a-4ccb-4355-b9d1-c7ffb27e1442','2025-10-16','CANCELLED'),
('a75b395a-14a3-4f7f-990d-d19bd3fbe043','2025-10-03','PENDING_PAYMENT'),
('c27437eb-a65f-4b8a-9bb4-4021fdde64af','2025-10-14','CONFIRMED'),
('61177270-67c0-418b-97ef-a621081c79d4','2025-10-04','PENDING_PAYMENT'),
('0e5d8c6a-79db-4862-8d7d-d772608e2f5c','2025-10-02','PENDING_PAYMENT'),
('2bdfcb41-b3ed-48f1-826b-5383a301ec03','2025-10-15','CONFIRMED'),
('6f14b3f6-d867-488b-bff6-b824152aeaec','2025-10-04','CONFIRMED'),
('90dbfad6-54ce-46be-88cc-e2c2a518a418','2025-10-04','PENDING_PAYMENT'),
('1869a217-f94d-4fcb-9ba3-496ffa323f69','2025-10-20','CONFIRMED'),
('0ae4ac11-eb4d-4f42-8735-70a2e5110961','2025-10-25','CANCELLED'),
('de3ce88b-e6b9-431a-b61f-6d903ad1fa33','2025-10-02','PENDING_PAYMENT'),
('79ba630a-9118-4400-a336-c243b139c476','2025-09-29','CANCELLED'),
('13087974-ec95-43ac-8beb-7c3445667c48','2025-09-29','CANCELLED'),
('e63949d4-47c6-4688-acf3-2053af36b8cc','2025-10-04','PENDING_PAYMENT'),
('086c405f-a879-48f8-9042-2eb78b040f53','2025-09-28','PENDING_PAYMENT'),
('508211a5-d9b5-4f84-adc3-a1c32dea2d2d','2025-10-13','CONFIRMED'),
('9647ff9f-3508-407a-b622-d84204022b3c','2025-10-20','PENDING_PAYMENT'),
('b674410d-d218-49d6-8093-bfb024e9bcfd','2025-10-12','PENDING_PAYMENT'),
('13b22cec-edca-4f94-a5f6-ba53d226a8b3','2025-09-25','PENDING_PAYMENT'),
('3d8f95f4-905f-4096-a996-56e24c9d6907','2025-10-11','PENDING_PAYMENT'),
('639fc471-d975-4f00-95ab-a8ae9112fbc0','2025-10-14','CONFIRMED'),
('54ec3f33-8a62-4cbd-a582-b678ad5229dd','2025-10-18','CANCELLED'),
('23d3cd4c-bd5f-4093-816f-9bcc6243bed7','2025-10-05','CONFIRMED'),
('b962c8a7-b076-47dc-bd0c-e433ca5e151b','2025-10-04','CONFIRMED'),
('f96d40f8-bed6-4da0-8033-f5c21413d64d','2025-10-07','CONFIRMED'),
('6fe5040b-1901-4f87-8dbf-0caf588a3f87','2025-10-18','CONFIRMED'),
('57311609-1375-4e90-96b3-61e43b6dca0d','2025-10-04','CANCELLED'),
('f4719986-9d26-4599-84dd-8df59aec56a8','2025-10-25','CONFIRMED'),
('c607b1e9-f80b-4cea-a58e-54a29879cf35','2025-10-03','CANCELLED'),
('45f8c28d-a255-41bb-8795-8c1f538d6b8c','2025-10-04','PENDING_PAYMENT'),
('7d98302f-7357-41e5-be1a-1ba9c8969c5b','2025-10-21','CANCELLED'),
('f0eebcce-8d93-414a-9b16-71583a67470c','2025-10-10','CANCELLED'),
('ae007b7e-2f8c-43e5-ae8d-9644601bfbcb','2025-10-19','CANCELLED'),
('15f00cb4-614c-421d-a921-cb4c95fbe976','2025-10-09','PENDING_PAYMENT'),
('cc4d5819-4b9d-4d58-9e5d-9c7ac5acc354','2025-09-25','PENDING_PAYMENT'),
('15007170-12d1-4585-b68e-47fa3f175534','2025-10-18','CONFIRMED'),
('b630794d-6147-4deb-a77b-06674499d0a6','2025-10-14','CONFIRMED'),
('bd5a0c9e-277e-40aa-a247-541dc8ad0899','2025-10-23','CONFIRMED'),
('1b46ebdc-5c56-49bc-9111-d31d63be441d','2025-09-26','PENDING_PAYMENT'),
('4eea9db8-f165-4779-8154-7950176de21f','2025-10-11','CANCELLED'),
('450f69ee-c2e7-4a98-9c23-8d8d71da35b9','2025-10-09','CONFIRMED'),
('2ff8e87e-1659-4c89-a1eb-faa91a2bd69c','2025-10-21','CONFIRMED'),
('8e0370cf-8e96-4227-b2e7-6b516e54ac6d','2025-10-24','PENDING_PAYMENT'),
('06b919aa-1a71-47c7-a875-9545832f52c4','2025-10-09','CANCELLED'),
('17d30f32-8de1-496c-9a9a-206a16f142a2','2025-10-08','PENDING_PAYMENT'),
('530ddda6-c8d0-49e5-9919-65ea98d00c2c','2025-10-05','CONFIRMED'),
('4ab6821c-0328-4136-a29e-f3d8dd1ca267','2025-09-28','PENDING_PAYMENT'),
('15aede0f-c777-407f-a346-d4ef69ef74e3','2025-10-17','CANCELLED'),
('e7bbaefc-8f3d-497f-a6b0-da0ab98f5dbe','2025-10-03','PENDING_PAYMENT'),
('926bffa5-3e24-4fbf-ba69-8cd2fe2390f3','2025-10-09','CANCELLED'),
('6177a771-af70-4e70-ab69-c95e85671b58','2025-09-26','CONFIRMED'),
('4d16f049-44d7-4f9a-a38b-05b72b64777c','2025-10-24','PENDING_PAYMENT'),
('103246b3-255b-4c1c-be3d-5ee444b64ec1','2025-10-02','CONFIRMED'),
('6bcd5ce7-46a5-4fe8-af46-f1b12ace1aa9','2025-10-02','CANCELLED'),
('13b11e59-c85c-4714-bbf6-95524cbc9044','2025-09-27','CONFIRMED'),
('3f2086c2-f1b8-4d65-806f-64d65c72aebd','2025-10-03','CANCELLED'),
('9803b22e-7eec-488d-a002-352ab88cddde','2025-10-25','CONFIRMED'),
('1b628a9d-7536-4b9f-b20f-72c09dde0188','2025-09-30','PENDING_PAYMENT'),
('f2e61828-01bb-419c-8dfe-111722af711f','2025-10-07','CONFIRMED'),
('9ec4ea48-d773-498d-950c-2fe9654c11d9','2025-10-16','PENDING_PAYMENT'),
('545cd88d-dcb9-475e-8dd7-f460614077d3','2025-10-17','CANCELLED'),
('d0c30018-6e3c-4d4f-95b1-45e470b27304','2025-09-25','CANCELLED'),
('f966d59f-a6aa-49e5-9c08-bf29d2d33488','2025-10-25','CONFIRMED'),
('52171c88-4ce9-43a7-a2d9-0db3982a2277','2025-10-09','CANCELLED'),
('336b00cb-b1fe-4d13-b280-df1d9a6c0db9','2025-10-02','PENDING_PAYMENT'),
('f6ee5cdb-2d79-42d1-906e-50c77aa061e9','2025-10-21','CANCELLED'),
('4a9c589e-51b3-4182-b7fe-604f65f30779','2025-10-13','CANCELLED'),
('7db2a7aa-a205-454f-b1e8-c09dbc20b9f2','2025-09-26','CONFIRMED'),
('3e0f84ce-c82f-48fd-936c-d31cf7bf5244','2025-10-02','CANCELLED'),
('d105c8d6-47c1-4017-a045-2909536d47d7','2025-09-29','CONFIRMED'),
('1d27c09a-5d71-4898-a497-6593c92e8c93','2025-09-25','PENDING_PAYMENT'),
('979c30cf-3326-4887-9058-81dfee9bf3e1','2025-10-18','PENDING_PAYMENT'),
('ae84b81c-2e0f-45b3-8bae-591eff4cc10f','2025-10-18','PENDING_PAYMENT'),
('f3f81c31-06e3-4949-8cd3-4c62c4829b71','2025-09-25','CONFIRMED'),
('b5578b00-f166-4dcf-b62c-dfbcba2aa7ba','2025-10-09','CONFIRMED'),
('4a94ae9f-cc35-4e4f-b03e-957f35ab8466','2025-10-08','PENDING_PAYMENT'),
('d1a7ba20-11b4-41e9-b15d-a72dd4cee27c','2025-10-20','PENDING_PAYMENT'),
('68bd80d7-cb88-4c32-8bb0-2a8bd908a121','2025-10-20','PENDING_PAYMENT'),
('a2224f96-23a1-4e20-bfd2-55eeac484366','2025-10-06','CANCELLED'),
('a89e22f2-40af-4f3f-bdf5-19674d8670bd','2025-09-30','PENDING_PAYMENT');

-- ================================
-- RESERVATION_SLOTS (100)
-- ================================
INSERT INTO "reservations"."reservationSlots"("reservationId","slotId") VALUES
(1,8),
(2,55),
(3,53),
(4,46),
(5,28),
(6,92),
(7,50),
(8,48),
(9,52),
(10,36),
(11,23),
(12,51),
(13,25),
(14,41),
(15,25),
(16,24),
(17,29),
(18,24),
(19,98),
(20,81),
(21,27),
(22,95),
(23,80),
(24,29),
(25,57),
(26,49),
(27,60),
(28,60),
(29,86),
(30,78),
(31,37),
(32,99),
(33,59),
(34,93),
(35,29),
(36,91),
(37,84),
(38,54),
(39,34),
(40,69),
(41,53),
(42,36),
(43,95),
(44,28),
(45,99),
(46,75),
(47,3),
(48,100),
(49,38),
(50,15),
(51,36),
(52,75),
(53,100),
(54,62),
(55,39),
(56,24),
(57,54),
(58,8),
(59,14),
(60,68),
(61,39),
(62,94),
(63,43),
(64,92),
(65,28),
(66,89),
(67,37),
(68,72),
(69,19),
(70,71),
(71,43),
(72,33),
(73,33),
(74,90),
(75,34),
(76,19),
(77,100),
(78,35),
(79,99),
(80,99),
(81,21),
(82,27),
(83,25),
(84,49),
(85,15),
(86,45),
(87,32),
(88,39),
(89,71),
(90,92),
(91,72),
(92,14),
(93,81),
(94,23),
(95,23),
(96,97),
(97,90),
(98,99),
(99,88),
(100,41);
